FirstName,LastName,FullName,Bib,AgeGroup,Gender,City,State,Country,CountryISO,SwimTime,BikeTime,RunTime,T1Time,T2Time,FinishTime,SwimSeconds,BikeSeconds,RunSeconds,T1Seconds,T2Seconds,FinishSeconds,OverallRank,GenderRank,AgeGroupRank,SwimRankOverall,SwimRankGender,SwimRankGroup,BikeRankOverall,BikeRankGender,BikeRankGroup,RunRankOverall,RunRankGender,RunRankGroup,Status,Points
Sam,Long,Sam Long,2,MPRO,Male,Tucson,AZ,United States,US,0:26:06,1:52:37,1:10:45,0:01:51,0:01:07,3:32:25,1566,6757,4245,111,67,12745,1,1,1,25,20,20,1,1,1,1,1,1,Finisher,3500
Ari,Klau,Ari Klau,8,MPRO,Male,Seattle,WA,United States,US,0:27:50,1:57:09,1:08:32,0:02:20,0:01:30,3:37:21,1670,7029,4112,140,90,13041,2,2,2,32,25,25,8,8,8,2,2,2,Finisher,3411
Blake,Harris,Blake Harris,46,MPRO,Male,Sanford,MB,Canada,CA,0:25:21,1:58:22,1:10:36,0:01:59,0:01:35,3:37:52,1521,7102,4236,119,95,13072,3,3,3,13,13,13,4,4,4,3,3,3,Finisher,3401
Vincent,Luis,Vincent Luis,5,MPRO,Male,Tinqueux,,France,FR,0:23:36,1:59:08,1:11:42,0:02:03,0:01:30,3:37:59,1416,7148,4302,123,90,13079,4,4,4,2,2,2,3,3,3,4,4,4,Finisher,3399
Ben,Faeh,Ben Faeh,37,MPRO,Male,Chur,Graubünden,Switzerland,CH,0:23:34,1:57:55,1:14:05,0:02:04,0:01:13,3:38:50,1414,7075,4445,124,73,13130,5,5,5,1,1,1,2,2,2,5,5,5,Finisher,3384
Matt,Hanson,Matt Hanson,4,MPRO,Male,Castle Rock,CO,United States,US,0:25:16,1:59:43,1:10:38,0:02:14,0:01:15,3:39:06,1516,7183,4238,134,75,13146,6,6,6,11,11,11,7,7,7,6,6,6,Finisher,3379
Brock,Hoel,Brock Hoel,7,MPRO,Male,Kelowna,BC,Canada,CA,0:24:27,2:01:32,1:13:41,0:01:51,0:01:17,3:42:48,1467,7292,4421,111,77,13368,7,7,7,4,4,4,10,10,10,7,7,7,Finisher,3313
Colin,Szuch,Colin Szuch,9,MPRO,Male,Evergreen,foreigner,United States,US,0:27:46,1:57:38,1:13:59,0:02:17,0:01:26,3:43:07,1666,7058,4439,137,86,13387,8,8,8,31,24,24,9,9,9,8,8,8,Finisher,3307
Nicholas,Chase,Nicholas Chase,18,MPRO,Male,washington,UT,United States,US,0:25:22,1:58:54,1:15:49,0:01:59,0:01:30,3:43:35,1522,7134,4549,119,90,13415,9,9,9,14,14,14,5,5,5,9,9,9,Finisher,3299
Edoardo,Leone,Edoardo Leone,33,MPRO,Male,Los Angeles,CA,Italy,IT,0:26:06,1:59:46,1:16:27,0:02:05,0:01:15,3:45:38,1566,7186,4587,125,75,13538,10,10,10,24,19,19,11,11,11,10,10,10,Finisher,3262
Todd,Wakefield,Todd Wakefield,38,MPRO,Male,MEAD,WA,Australia,AU,0:29:31,1:59:29,1:14:50,0:02:04,0:01:34,3:47:28,1771,7169,4490,124,94,13648,11,11,11,51,36,36,17,17,17,11,11,11,Finisher,3229
Ben,Randall,Ben Randall,43,MPRO,Male,FORT COLLINS,CO,United States,US,0:34:43,2:00:35,1:07:39,0:02:20,0:02:55,3:48:13,2083,7235,4059,140,175,13693,12,12,12,72,46,46,35,33,33,12,12,12,Finisher,3215
Adam,Feigh,Adam Feigh,24,MPRO,Male,GRAND JCT,CO,United States,US,0:27:36,2:00:36,1:17:21,0:02:15,0:01:44,3:49:33,1656,7236,4641,135,104,13773,13,13,13,30,23,23,14,14,14,13,13,13,Finisher,3191
Sam,Osborne,Sam Osborne,19,MPRO,Male,Rotorua,,New Zealand,NZ,0:24:41,2:00:16,1:22:25,0:01:54,0:01:18,3:50:34,1481,7216,4945,114,78,13834,14,14,14,6,6,6,6,6,6,14,14,14,Finisher,3173
Matt,McWilliams,Matt McWilliams,17,MPRO,Male,Erie,PA,United States,US,0:28:50,2:00:46,1:18:00,0:02:37,0:01:21,3:51:34,1730,7246,4680,157,81,13894,15,15,15,39,31,31,20,20,20,15,15,15,Finisher,3155
Andy,Krueger,Andy Krueger,13,MPRO,Male,Bend,US-OR,United States,US,0:25:19,2:02:26,1:20:39,0:02:07,0:01:44,3:52:14,1519,7346,4839,127,104,13934,16,16,16,12,12,12,12,12,12,16,16,16,Finisher,3143
Connor,Weaver,Connor Weaver,23,MPRO,Male,LEWISVILLE,TX,United States,US,0:26:10,2:05:24,1:17:49,0:02:07,0:01:23,3:52:52,1570,7524,4669,127,83,13972,17,17,17,26,21,21,24,24,24,17,17,17,Finisher,3131
Tommy,Doubleday,Tommy Doubleday,27,MPRO,Male,PARK RIDGE,IL,United States,US,0:24:38,2:06:27,1:18:22,0:02:08,0:01:37,3:53:11,1478,7587,4702,128,97,13991,18,18,18,5,5,5,22,22,22,18,18,18,Finisher,3126
Avraham,Mana,Avraham Mana,45,MPRO,Male,Allentown,PA,Israel,IL,0:25:38,2:05:33,1:18:56,0:02:13,0:02:03,3:54:23,1538,7533,4736,133,123,14063,19,19,19,18,18,18,23,23,23,19,19,19,Finisher,3104
Jackson,Laundry,Jackson Laundry,11,MPRO,Male,Kitchener ,ON,Canada,CA,0:25:25,2:04:13,1:18:30,0:02:05,0:04:20,3:54:33,1525,7453,4710,125,260,14073,20,20,20,15,15,15,19,19,19,20,20,20,Finisher,3101
John,Killeen,John Killeen,15,MPRO,Male,Boulder,CO,United States,US,0:30:53,2:03:31,1:16:43,0:02:11,0:01:22,3:54:40,1853,7411,4603,131,82,14080,21,21,21,56,40,40,31,29,29,21,21,21,Finisher,3099
Cole,Kynoch,Cole Kynoch,41,MPRO,Male,FALLS CHURCH,VA,United States,US,0:26:11,2:05:10,1:20:25,0:02:22,0:01:38,3:55:46,1571,7510,4825,142,98,14146,22,22,22,27,22,22,26,26,26,22,22,22,Finisher,3079
Ethan,Sunseri,Ethan Sunseri,34,MPRO,Male,Paso Robles,CA,United States,US,0:28:30,2:09:16,1:15:32,0:02:13,0:01:26,3:56:57,1710,7756,4532,133,86,14217,23,23,23,37,30,30,42,39,39,23,23,23,Finisher,3058
Blake,Selm,Blake Selm,35,MPRO,Male,INDIANAPOLIS,IN,United States,US,0:28:03,2:06:54,1:18:59,0:02:36,0:01:22,3:57:54,1683,7614,4739,156,82,14274,24,24,24,34,27,27,34,32,32,24,24,24,Finisher,3041
Joshua,Berles,Joshua Berles,55,MPRO,Male,Wahrstorf,MV,Germany,DE,0:24:13,2:05:54,1:24:14,0:02:07,0:01:41,3:58:09,1453,7554,5054,127,101,14289,25,25,25,3,3,3,21,21,21,25,25,25,Finisher,3036
Matt,Jackson,Matt Jackson,49,MPRO,Male,East Moline,IL,United States,US,0:29:30,2:07:45,1:17:30,0:02:29,0:01:33,3:58:48,1770,7665,4650,149,93,14328,26,26,26,50,35,35,40,38,38,26,26,26,Finisher,3025
Sam,Hartle,Sam Hartle,31,MPRO,Male,Clermont,FL,United States,US,0:24:46,2:08:49,1:22:15,0:02:09,0:01:32,3:59:31,1486,7729,4935,129,92,14371,27,27,27,8,8,8,29,28,28,27,27,27,Finisher,3012
Dylan,McMurrer,Dylan McMurrer,56,MPRO,Male,Boulder,COLORADO,United States,US,0:25:32,2:02:40,1:27:55,0:02:22,0:01:19,3:59:48,1532,7360,5275,142,79,14388,28,28,28,17,17,17,15,15,15,28,28,28,Finisher,3007
Robby,Webster,Robby Webster,40,MPRO,Male,Tacoma,WA,United States,US,0:29:38,2:07:38,1:18:47,0:02:25,0:01:37,4:00:05,1778,7658,4727,145,97,14405,29,29,29,54,39,39,39,37,37,29,29,29,Finisher,3002
Jack,Harrell,Jack Harrell,58,MPRO,Male,NOVI,MI,United States,US,0:24:44,2:02:51,1:28:23,0:02:35,0:01:57,4:00:29,1484,7371,5303,155,117,14429,30,30,30,7,7,7,13,13,13,30,30,30,Finisher,2994
Dylan,Gillespie,Dylan Gillespie,22,MPRO,Male,Bozeman,MT,United States,US,0:25:26,2:03:35,1:28:11,0:02:02,0:01:35,4:00:48,1526,7415,5291,122,95,14448,31,31,31,16,16,16,16,16,16,31,31,31,Finisher,2989
Kirsten,Kasper,Kirsten Kasper,5005,FPRO,Female,Boulder,CO,United States,US,0:25:41,2:12:13,1:19:33,0:01:57,0:01:26,4:00:50,1541,7933,4773,117,86,14450,32,1,1,20,2,2,41,3,3,32,1,1,Finisher,3500
Hannah,Berry,Hannah Berry,5001,FPRO,Female,Mount Maunganui,NZ-BOP,New Zealand,NZ,0:25:56,2:08:13,1:23:51,0:02:22,0:01:42,4:02:05,1556,7693,5031,142,102,14525,33,2,2,23,5,5,30,2,2,33,2,2,Finisher,3477
Kevin,Bishop,Kevin Bishop,20,MPRO,Male,San Francisco,foreigner,United States,US,0:24:51,2:07:16,1:26:02,0:02:04,0:01:56,4:02:09,1491,7636,5162,124,116,14529,34,32,32,9,9,9,27,27,27,34,32,32,Finisher,2964
Hanne,De Vet,Hanne De Vet,5010,FPRO,Female,Wuustwezel,ANTWERPEN,Belgium,BE,0:25:54,2:06:48,1:27:16,0:02:14,0:01:16,4:03:29,1554,7608,5236,134,76,14609,35,3,3,21,3,3,28,1,1,35,3,3,Finisher,3452
Max,Kohll,Max Kohll,26,MPRO,Male,OMAHA,NE,United States,US,0:28:22,2:05:35,1:25:52,0:02:55,0:01:29,4:04:12,1702,7535,5152,175,89,14652,36,33,33,35,28,28,32,30,30,36,33,33,Finisher,2927
Connor,Readman,Connor Readman,51,MPRO,Male,Southern Shores,NC,United States,US,0:29:16,2:04:54,1:25:35,0:02:57,0:02:01,4:04:43,1756,7494,5135,177,121,14683,37,34,34,43,32,32,33,31,31,37,34,34,Finisher,2918
Kyle,Gabbard,Kyle Gabbard,53,MPRO,Male,FISHERS,IN,United States,US,0:32:30,2:04:36,1:23:55,0:02:57,0:01:36,4:05:34,1950,7476,5035,177,96,14734,38,35,35,65,44,44,43,40,40,38,35,35,Finisher,2903
Boden,Gentile,Boden Gentile,30,MPRO,Male,GREAT FALLS,VA,United States,US,0:28:23,2:00:40,1:33:52,0:02:09,0:01:22,4:06:27,1703,7240,5632,129,82,14787,39,36,36,36,29,29,18,18,18,39,36,36,Finisher,2887
Lydia,Russell,Lydia Russell,5003,FPRO,Female,TUCSON,AZ,United States,US,0:29:09,2:13:22,1:20:36,0:02:29,0:01:42,4:07:18,1749,8002,4836,149,102,14838,40,4,4,40,9,9,48,7,7,40,4,4,Finisher,3383
William,Balady,William Balady,48,MPRO,Male,COLORADO SPGS,CO,United States,US,0:29:33,2:09:42,1:24:52,0:02:28,0:01:30,4:08:04,1773,7782,5092,148,90,14884,41,37,37,52,37,37,44,41,41,41,37,37,Finisher,2858
Michael,Chronert,Michael Chronert,57,MPRO,Male,RIVERSIDE,CT,United States,US,0:29:36,2:06:29,1:29:28,0:02:58,0:01:44,4:10:15,1776,7589,5368,178,104,15015,42,38,38,53,38,38,37,35,35,42,38,38,Finisher,2819
Luke ,Davis,Luke Davis,54,MPRO,Male,BOULDER,CO,United States,US,0:32:26,2:11:01,1:24:11,0:02:18,0:01:35,4:11:32,1946,7861,5051,138,95,15092,43,39,39,64,43,43,49,42,42,43,39,39,Finisher,2795
Rebecca,Clarke,Rebecca Clarke,5012,FPRO,Female,Wanaka,NZ-OTA,New Zealand,NZ,0:25:41,2:15:50,1:28:27,0:02:08,0:01:54,4:14:00,1541,8150,5307,128,114,15240,44,5,5,19,1,1,47,6,6,44,5,5,Finisher,3263
Grace,Alexander,Grace Alexander,5002,FPRO,Female,greenville,SC,United States,US,0:26:59,2:12:49,1:30:54,0:02:27,0:01:40,4:14:49,1619,7969,5454,147,100,15289,45,6,6,29,7,7,46,5,5,45,6,6,Finisher,3248
Adele,Likin,Adele Likin,5013,FPRO,Female,Bend,OR,United States,US,0:32:10,2:14:20,1:24:56,0:02:13,0:01:44,4:15:22,1930,8060,5096,133,104,15322,46,7,7,60,19,19,55,10,10,46,7,7,Finisher,3238
Megan,Foley,Megan Foley,5027,FPRO,Female,Salt Lake City,UT,United States,US,0:29:23,2:17:49,1:24:53,0:02:26,0:01:24,4:15:55,1763,8269,5093,146,84,15355,47,8,8,47,14,14,57,12,12,47,8,8,Finisher,3228
Marissa,Lovell,Marissa Lovell,5032,FPRO,Female,EUGENE,OR,United States,US,0:31:28,2:21:57,1:18:33,0:02:37,0:01:36,4:16:12,1888,8517,4713,157,96,15372,48,9,9,57,17,17,60,15,15,48,9,9,Finisher,3223
Caroline,Kaplan,Caroline Kaplan,5023,FPRO,Female,Franklin,TN,United States,US,0:29:19,2:17:09,1:26:11,0:02:25,0:01:58,4:17:00,1759,8229,5171,145,118,15420,49,10,10,44,12,12,56,11,11,49,10,10,Finisher,3209
Jonathan,Fecik,Jonathan Fecik,39,MPRO,Male,Branford,CT,United States,US,0:29:21,2:06:41,1:36:22,0:02:35,0:02:09,4:17:08,1761,7601,5782,155,129,15428,50,40,40,46,33,33,36,34,34,50,40,40,Finisher,2695
Brian,Folts,Brian Folts,52,MPRO,Male,Englewood,CO,United States,US,0:32:23,2:13:59,1:26:42,0:02:17,0:01:57,4:17:18,1943,8039,5202,137,117,15438,51,41,41,62,42,42,54,45,45,51,41,41,Finisher,2692
Lisa,Becharas,Lisa Becharas,5011,FPRO,Female,Fort Collins,US-CO,United States,US,0:29:20,2:10:32,1:34:10,0:02:19,0:01:30,4:17:50,1760,7832,5650,139,90,15470,52,11,11,45,13,13,45,4,4,52,11,11,Finisher,3194
Noah,Shlesinger,Noah Shlesinger,44,MPRO,Male,EUGENE,OR,United States,US,0:28:01,2:17:22,1:29:40,0:02:39,0:01:48,4:19:31,1681,8242,5380,159,108,15571,53,42,42,33,26,26,53,44,44,53,42,42,Finisher,2652
Ali,Brauer,Ali Brauer,5015,FPRO,Female,Portland,OR,United States,US,0:29:15,2:15:49,1:33:02,0:02:26,0:01:46,4:22:18,1755,8149,5582,146,106,15738,54,12,12,42,11,11,52,9,9,54,12,12,Finisher,3113
Jenna,Campbell,Jenna Campbell,5007,FPRO,Female,Boulder,CO,United States,US,0:25:56,2:18:46,1:36:10,0:02:13,0:01:36,4:24:41,1556,8326,5770,133,96,15881,55,13,13,22,4,4,50,8,8,55,13,13,Finisher,3070
Amanda,Macuiba,Amanda Macuiba,5024,FPRO,Female,Chicago,IL,United States,US,0:32:24,2:21:47,1:27:45,0:02:57,0:01:20,4:26:14,1944,8507,5265,177,80,15974,56,14,14,63,21,21,65,19,19,56,14,14,Finisher,3042
Jérémy,Canham,Jérémy Canham,50,MPRO,Male,Kingston,Ontario,Canada,CA,0:34:34,2:20:01,1:28:48,0:02:31,0:01:37,4:27:30,2074,8401,5328,151,97,16050,57,43,43,70,45,45,64,46,46,57,43,43,Finisher,2508
Carolyn,Olsen,Carolyn Olsen,5016,FPRO,Female,Eagle,ID,United States,US,0:36:39,2:17:17,1:29:55,0:03:04,0:01:48,4:28:43,2199,8237,5395,184,108,16123,58,15,15,73,27,27,63,18,18,58,15,15,Finisher,2998
Amber,Ferreira,Amber Ferreira,5019,FPRO,Female,Concord,NH,United States,US,0:30:37,2:22:21,1:31:05,0:03:13,0:02:24,4:29:39,1837,8541,5465,193,144,16179,59,16,16,55,16,16,61,16,16,59,16,16,Finisher,2981
Kate,Curran,Kate Curran,5014,FPRO,Female,Dartford,KEN,United Kingdom,GB,0:26:48,2:24:26,1:35:04,0:02:37,0:01:53,4:30:48,1608,8666,5704,157,113,16248,60,17,17,28,6,6,58,13,13,60,17,17,Finisher,2960
Freya,McKinley,Freya McKinley,5017,FPRO,Female,Lafayette,CO,United States,US,0:28:41,2:23:12,1:36:59,0:02:27,0:01:53,4:33:11,1721,8592,5819,147,113,16391,61,18,18,38,8,8,59,14,14,61,18,18,Finisher,2917
Megan,Tuncer,Megan Tuncer,5034,FPRO,Female,PORTLAND,OR,United States,US,0:34:07,2:22:01,1:34:28,0:02:55,0:01:44,4:35:15,2047,8521,5668,175,104,16515,62,19,19,68,24,24,67,21,21,62,19,19,Finisher,2880
Kayla,Bowker,Kayla Bowker,5025,FPRO,Female,Buckeye,AZ,United States,US,0:34:34,2:24:25,1:35:03,0:03:00,0:01:50,4:38:52,2074,8665,5703,180,110,16732,63,20,20,71,26,26,69,23,23,63,20,20,Finisher,2815
Rebecca,Yunginger,Rebecca Yunginger,5022,FPRO,Female,LANCASTER,PA,United States,US,0:33:20,2:20:32,1:42:24,0:02:37,0:01:50,4:40:42,2000,8432,6144,157,110,16842,64,21,21,66,22,22,62,17,17,64,21,21,Finisher,2782
Aliisa,Heiskanen,Aliisa Heiskanen,5035,FPRO,Female,Thunder Bay,ONTARIO,Canada,CA,0:34:08,2:20:14,1:42:34,0:02:52,0:01:31,4:41:19,2048,8414,6154,172,91,16879,65,22,22,69,25,25,66,20,20,65,22,22,Finisher,2771
Katie,Spoelman,Katie Spoelman,5030,FPRO,Female,Holland,MI,United States,US,0:29:13,2:28:50,1:40:25,0:02:46,0:02:14,4:43:28,1753,8930,6025,166,134,17008,66,23,23,41,10,10,68,22,22,66,23,23,Finisher,2732
Danae,Morris,Danae Morris,5031,FPRO,Female,Odessa,ON,Canada,CA,0:32:15,2:31:17,1:37:51,0:02:24,0:01:45,4:45:32,1935,9077,5871,144,105,17132,67,24,24,61,20,20,72,26,26,67,24,24,Finisher,2695
Jackie,Hering,Jackie Hering,5020,FPRO,Female,Cottage Grove,US-WI,United States,US,,,,0:00:00,0:00:00,,0,0,0,0,0,0,99999,99999,99999,99999,99999,99999,99999,99999,99999,99999,99999,99999,DNS,0
Evan,Price,Evan Price,25,MPRO,Male,VANCOUVER,WA,United States,US,0:32:02,2:04:27,,0:02:36,0:01:35,,1922,7467,0,156,95,0,99999,99999,99999,59,41,41,38,36,36,99999,99999,99999,DNF,0
Alycia,Fast,Alycia Fast,5021,FPRO,Female,SALT LAKE CTY,UT,United States,US,0:33:22,,,0:02:31,0:00:00,,2002,0,0,151,0,0,99999,99999,99999,99999,99999,99999,99999,99999,99999,99999,99999,99999,DNF,0
Eduardo,Perez Sandi,Eduardo Perez Sandi,29,MPRO,Male,Léon,Guanajuato,Mexico,MX,0:26:07,2:10:10,,0:02:03,0:00:00,,1567,7810,0,123,0,0,99999,99999,99999,99999,99999,99999,99999,99999,99999,99999,99999,99999,DNF,0
Gabrielle,Lumkes,Gabrielle Lumkes,5036,FPRO,Female,Lafayette,IN,United States,US,,,,0:00:00,0:00:00,,0,0,0,0,0,0,99999,99999,99999,99999,99999,99999,99999,99999,99999,99999,99999,99999,DNS,0
Lauren,Lehenbauer,Lauren Lehenbauer,5028,FPRO,Female,Cedar Rapids,IA,United States,US,0:29:28,2:38:27,,0:03:39,0:02:15,,1768,9507,0,219,135,0,99999,99999,99999,48,15,15,73,27,27,99999,99999,99999,DNF,0
Leonard,Arnold,Leonard Arnold,12,MPRO,Male,Potsdam,BW,Germany,DE,0:24:47,2:00:01,,0:02:20,0:01:40,,1487,7201,0,140,100,0,99999,99999,99999,99999,99999,99999,99999,99999,99999,99999,99999,99999,DNF,0
Shyanne,McGregor,Shyanne McGregor,5018,FPRO,Female,Duluth,MN,United States,US,,,,0:00:00,0:00:00,,0,0,0,0,0,0,99999,99999,99999,99999,99999,99999,99999,99999,99999,99999,99999,99999,DNF,0
Dillon,Longo,Dillon Longo,32,MPRO,Male,Springwater,ON,Canada,CA,0:24:52,2:06:28,,0:02:21,0:01:45,,1492,7588,0,141,105,0,99999,99999,99999,10,10,10,25,25,25,99999,99999,99999,DNF,0
Rachael,Tatko,Rachael Tatko,5033,FPRO,Female,STAR,ID,United States,US,0:34:04,2:25:20,,0:02:39,0:01:44,,2044,8720,0,159,104,0,99999,99999,99999,67,23,23,70,24,24,99999,99999,99999,DNF,0
Brad,Bischoff,Brad Bischoff,21,MPRO,Male,Clayton,NC,United States,US,,,,0:00:00,0:00:00,,0,0,0,0,0,0,99999,99999,99999,99999,99999,99999,99999,99999,99999,99999,99999,99999,DNS,0
Kerman,Alonso Vicente,Kerman Alonso Vicente,36,MPRO,Male,Oles,"ASTURIAS, PRINCIPADO DE",United States,US,0:29:28,2:15:17,,0:02:11,0:02:44,,1768,8117,0,131,164,0,99999,99999,99999,49,34,34,51,43,43,99999,99999,99999,DNF,0
Cameron,Wurf,Cameron Wurf,16,MPRO,Male,Mas de Ribafeta,,Australia,AU,,,,0:00:00,0:00:00,,0,0,0,0,0,0,99999,99999,99999,99999,99999,99999,99999,99999,99999,99999,99999,99999,DNS,0
Erin,Castell,Erin Castell,5029,FPRO,Female,Hamilton,ON,Canada,CA,0:31:46,2:29:56,,0:02:56,0:01:33,,1906,8996,0,176,93,0,99999,99999,99999,58,18,18,71,25,25,99999,99999,99999,DNF,0
Thomas,Inigo,Thomas Inigo,47,MPRO,Male,LONGMONT,CO,United States,US,,,,0:00:00,0:00:00,,0,0,0,0,0,0,99999,99999,99999,99999,99999,99999,99999,99999,99999,99999,99999,99999,DNS,0
Adam,Goulet,Adam Goulet,59,MPRO,Male,BEND,OR,United States,US,,,,0:00:00,0:00:00,,0,0,0,0,0,0,99999,99999,99999,99999,99999,99999,99999,99999,99999,99999,99999,99999,DNF,0
Meghan,Grant,Meghan Grant,5026,FPRO,Female,DEL MAR,CA,United States,US,,,,0:00:00,0:00:00,,0,0,0,0,0,0,99999,99999,99999,99999,99999,99999,99999,99999,99999,99999,99999,99999,DNS,0
